date,trips
2015-01-01,74620
2015-01-02,61560
2015-01-03,81496
2015-01-04,62365
2015-01-05,70595
2015-01-06,80901
2015-01-07,92253
2015-01-08,103040
2015-01-09,98686
2015-01-10,103325
2015-01-11,80304
2015-01-12,87114
2015-01-13,93773
2015-01-14,94155
2015-01-15,99494
2015-01-16,104061
2015-01-17,98363
2015-01-18,95187
2015-01-19,67100
2015-01-20,83243
2015-01-21,88124
2015-01-22,95578
2015-01-23,102086
2015-01-24,102847
2015-01-25,80509
2015-01-26,62810
2015-01-27,32777
2015-01-28,88144
2015-01-29,100558
2015-01-30,115879
2015-01-31,119839
2015-02-01,101403
2015-02-02,91856
2015-02-03,101741
2015-02-04,100212
2015-02-05,114928
2015-02-06,119351
2015-02-07,108211
2015-02-08,87835
2015-02-09,91031
2015-02-10,96857
2015-02-11,105480
2015-02-12,116694
2015-02-13,131011
2015-02-14,126311
2015-02-15,114221
2015-02-16,98888
2015-02-17,100984
2015-02-18,103735
2015-02-19,122575
2015-02-20,135286
2015-02-21,119669
2015-02-22,89118
2015-02-23,103799
2015-02-24,112600
2015-02-25,107801
2015-02-26,117405
2015-02-27,120173
2015-02-28,114008
2015-03-01,94159
2015-03-02,89591
2015-03-03,106511
2015-03-04,106036
2015-03-05,101643
2015-03-06,115545
2015-03-07,112928
2015-03-08,90175
2015-03-09,85898
2015-03-10,104791
2015-03-11,98635
2015-03-12,112819
2015-03-13,113674
2015-03-14,124138
2015-03-15,92366
2015-03-16,87086
2015-03-17,94537
2015-03-18,104360
2015-03-19,110847
2015-03-20,128832
2015-03-21,112030
2015-03-22,98810
2015-03-23,93378
2015-03-24,96078
2015-03-25,106755
2015-03-26,112368
2015-03-27,119869
2015-03-28,123934
2015-03-29,104405
2015-03-30,94457
2015-03-31,108817
2015-04-01,125456
2015-04-02,129668
2015-04-03,126376
2015-04-04,113562
2015-04-05,101810
2015-04-06,102823
2015-04-07,121342
2015-04-08,126662
2015-04-09,133273
2015-04-10,136399
2015-04-11,128328
2015-04-12,116321
2015-04-13,110980
2015-04-14,118971
2015-04-15,124212
2015-04-16,137017
2015-04-17,140885
2015-04-18,140908
2015-04-19,121861
2015-04-20,137450
2015-04-21,125378
2015-04-22,140074
2015-04-23,150652
2015-04-24,159843
2015-04-25,153874
2015-04-26,133068
2015-04-27,119942
2015-04-28,123211
2015-04-29,133173
2015-04-30,141019
2015-05-01,147291
2015-05-02,147598
2015-05-03,120803
2015-05-04,117398
2015-05-05,130301
2015-05-06,136048
2015-05-07,143629
2015-05-08,145035
2015-05-09,141370
2015-05-10,120539
2015-05-11,124045
2015-05-12,139355
2015-05-13,141431
2015-05-14,149968
2015-05-15,154620
2015-05-16,166385
2015-05-17,135181
2015-05-18,129306
2015-05-19,140284
2015-05-20,146832
2015-05-21,151457
2015-05-22,137112
2015-05-23,117958
2015-05-24,104848
2015-05-25,92407
2015-05-26,123923
2015-05-27,142927
2015-05-28,149821
2015-05-29,151619
2015-05-30,146215
2015-05-31,136416
2015-06-01,146632
2015-06-02,151728
2015-06-03,140003
2015-06-04,148275
2015-06-05,152700
2015-06-06,140355
2015-06-07,125643
2015-06-08,127236
2015-06-09,133801
2015-06-10,138886
2015-06-11,155005
2015-06-12,157709
2015-06-13,139672
2015-06-14,127324
2015-06-15,136753
2015-06-16,140588
2015-06-17,145680
2015-06-18,152533
2015-06-19,152731
2015-06-20,139811
2015-06-21,124837
2015-06-22,124594
2015-06-23,146397
2015-06-24,143999
2015-06-25,152705
2015-06-26,148779
2015-06-27,176090
2015-06-28,127125
2015-06-29,118959
2015-06-30,124011
2015-07-01,134880
2015-07-02,128591
2015-07-03,101854
2015-07-04,95492
2015-07-05,99985
2015-07-06,107932
2015-07-07,127524
2015-07-08,136588
2015-07-09,154469
2015-07-10,145599
2015-07-11,146838
2015-07-12,135498
2015-07-13,123379
2015-07-14,142160
2015-07-15,155896
2015-07-16,155530
2015-07-17,152100
2015-07-18,158542
2015-07-19,145055
2015-07-20,142513
2015-07-21,147046
2015-07-22,152718
2015-07-23,160017
2015-07-24,158535
2015-07-25,151514
2015-07-26,135755
2015-07-27,132389
2015-07-28,150437
2015-07-29,161374
2015-07-30,178324
2015-07-31,166452
2015-08-01,180985
2015-08-02,159881
2015-08-03,155524
2015-08-04,170346
2015-08-05,174873
2015-08-06,181077
2015-08-07,183548
2015-08-08,163249
2015-08-09,149076
2015-08-10,146757
2015-08-11,175822
2015-08-12,172458
2015-08-13,177052
2015-08-14,181792
2015-08-15,177046
2015-08-16,160287
2015-08-17,157042
2015-08-18,168581
2015-08-19,176148
2015-08-20,185695
2015-08-21,187302
2015-08-22,179198
2015-08-23,158914
2015-08-24,151962
2015-08-25,160661
2015-08-26,166601
2015-08-27,175314
2015-08-28,181272
2015-08-29,178130
2015-08-30,166353
2015-08-31,158442
2015-09-01,193620
2015-09-02,201962
2015-09-03,214435
2015-09-04,220476
2015-09-05,205769
2015-09-06,192069
2015-09-07,167330
2015-09-08,213578
2015-09-09,235356
2015-09-10,279998
2015-09-11,254440
2015-09-12,267774
2015-09-13,223536
2015-09-14,189409
2015-09-15,205081
2015-09-16,232782
2015-09-17,243549
2015-09-18,256928
2015-09-19,258707
2015-09-20,223122
2015-09-21,199922
2015-09-22,195986
2015-09-23,186226
2015-09-24,202218
2015-09-25,224984
2015-09-26,254715
2015-09-27,219040
2015-09-28,190496
2015-09-29,209099
2015-09-30,220231
2015-10-01,291178
2015-10-02,353017
2015-10-03,292048
2015-10-04,243914
2015-10-05,223003
2015-10-06,235490
2015-10-07,257422
2015-10-08,277925
2015-10-09,302988
2015-10-10,286376
2015-10-11,254330
2015-10-12,215172
2015-10-13,246237
2015-10-14,256949
2015-10-15,279816
2015-10-16,304867
2015-10-17,308387
2015-10-18,273883
2015-10-19,249743
2015-10-20,248664
2015-10-21,259924
2015-10-22,281305
2015-10-23,305990
2015-10-24,307620
2015-10-25,265427
2015-10-26,243503
2015-10-27,254928
2015-10-28,318991
2015-10-29,290867
2015-10-30,322879
2015-10-31,332530
2015-11-01,297096
2015-11-02,242961
2015-11-03,245625
2015-11-04,265158
2015-11-05,292281
2015-11-06,303526
2015-11-07,308018
2015-11-08,269915
2015-11-09,247682
2015-11-10,298469
2015-11-11,257946
2015-11-12,300680
2015-11-13,319308
2015-11-14,329575
2015-11-15,276919
2015-11-16,246949
2015-11-17,268189
2015-11-18,278112
2015-11-19,348464
2015-11-20,320913
2015-11-21,321740
2015-11-22,273869
2015-11-23,269662
2015-11-24,279391
2015-11-25,277629
2015-11-26,231883
2015-11-27,209796
2015-11-28,243803
2015-11-29,236854
2015-11-30,256063
2015-12-01,299628
2015-12-02,294678
2015-12-03,305761
2015-12-04,328676
2015-12-05,323120
2015-12-06,279436
2015-12-07,270166
2015-12-08,286765
2015-12-09,294729
2015-12-10,312132
2015-12-11,335521
2015-12-12,341402
2015-12-13,284318
2015-12-14,286854
2015-12-15,289316
2015-12-16,314874
2015-12-17,368560
2015-12-18,367156
2015-12-19,360825
2015-12-20,296274
2015-12-21,264714
2015-12-22,277493
2015-12-23,293865
2015-12-24,242890
2015-12-25,201578
2015-12-26,197011
2015-12-27,213874
2015-12-28,223398
2015-12-29,230763
2015-12-30,242176
2015-12-31,260856
2016-01-01,278875
2016-01-02,234490
2016-01-03,224798
2016-01-04,253259
2016-01-05,270739
2016-01-06,260073
2016-01-07,264650
2016-01-08,289655
2016-01-09,281424
2016-01-10,269801
2016-01-11,262148
2016-01-12,266183
2016-01-13,296484
2016-01-14,299922
2016-01-15,309207
2016-01-16,298886
2016-01-17,288371
2016-01-18,249400
2016-01-19,309534
2016-01-20,291744
2016-01-21,310505
2016-01-22,342436
2016-01-23,82645
2016-01-24,150232
2016-01-25,266061
2016-01-26,287110
2016-01-27,291722
2016-01-28,305361
2016-01-29,344226
2016-01-30,345203
2016-01-31,285659
2016-02-01,266248
2016-02-02,273517
2016-02-03,319272
2016-02-04,310376
2016-02-05,348154
2016-02-06,338614
2016-02-07,303113
2016-02-08,283804
2016-02-09,289321
2016-02-10,312758
2016-02-11,366535
2016-02-12,388833
2016-02-13,415101
2016-02-14,386062
2016-02-15,285124
2016-02-16,310354
2016-02-17,303155
2016-02-18,330476
2016-02-19,356257
2016-02-20,343577
2016-02-21,300748
2016-02-22,279223
2016-02-23,335878
2016-02-24,355672
2016-02-25,333697
2016-02-26,363861
2016-02-27,353036
2016-02-28,297541
2016-02-29,277518
2016-03-01,284396
2016-03-02,314954
2016-03-03,332944
2016-03-04,362749
2016-03-05,348306
2016-03-06,298249
2016-03-07,274934
2016-03-08,283935
2016-03-09,293106
2016-03-10,312594
2016-03-11,339688
2016-03-12,338137
2016-03-13,283914
2016-03-14,319969
2016-03-15,291730
2016-03-16,308299
2016-03-17,322589
2016-03-18,345227
2016-03-19,343349
2016-03-20,305176
2016-03-21,280307
2016-03-22,289190
2016-03-23,302185
2016-03-24,326330
2016-03-25,322558
2016-03-26,325080
2016-03-27,292732
2016-03-28,288470
2016-03-29,287570
2016-03-30,297986
2016-03-31,296742
2016-04-01,362025
2016-04-02,368375
2016-04-03,328952
2016-04-04,341315
2016-04-05,336290
2016-04-06,337068
2016-04-07,355588
2016-04-08,383179
2016-04-09,404938
2016-04-10,324058
2016-04-11,304321
2016-04-12,326014
2016-04-13,324820
2016-04-14,348911
2016-04-15,375815
2016-04-16,375904
2016-04-17,322889
2016-04-18,296306
2016-04-19,305462
2016-04-20,323942
2016-04-21,334919
2016-04-22,347680
2016-04-23,351910
2016-04-24,303089
2016-04-25,278132
2016-04-26,306709
2016-04-27,309231
2016-04-28,333721
2016-04-29,368295
2016-04-30,358330
2016-05-01,329980
2016-05-02,307851
2016-05-03,354696
2016-05-04,358625
2016-05-05,383690
2016-05-06,440063
2016-05-07,383547
2016-05-08,341480
2016-05-09,301323
2016-05-10,319889
2016-05-11,330445
2016-05-12,356390
2016-05-13,393954
2016-05-14,390555
2016-05-15,349078
2016-05-16,316977
2016-05-17,338584
2016-05-18,345971
2016-05-19,358820
2016-05-20,377649
2016-05-21,395276
2016-05-22,322728
2016-05-23,305314
2016-05-24,331130
2016-05-25,340535
2016-05-26,354363
2016-05-27,362362
2016-05-28,350970
2016-05-29,312565
2016-05-30,271561
2016-05-31,313161
2016-06-01,333192
2016-06-02,361696
2016-06-03,390630
2016-06-04,394038
2016-06-05,339076
2016-06-06,327950
2016-06-07,351002
2016-06-08,392622
2016-06-09,378358
2016-06-10,391983
2016-06-11,394748
2016-06-12,334949
2016-06-13,307353
2016-06-14,333298
2016-06-15,354605
2016-06-16,380656
2016-06-17,388112
2016-06-18,384118
2016-06-19,334692
2016-06-20,316344
2016-06-21,339992
2016-06-22,356633
2016-06-23,376272
2016-06-24,393572
2016-06-25,400421
2016-06-26,346570
2016-06-27,339181
2016-06-28,341458
2016-06-29,341255
2016-06-30,343847
2016-07-01,370899
2016-07-02,322040
2016-07-03,299439
2016-07-04,261741
2016-07-05,303881
2016-07-06,315192
2016-07-07,346189
2016-07-08,371633
2016-07-09,370599
2016-07-10,323563
2016-07-11,304681
2016-07-12,325578
2016-07-13,359102
2016-07-14,376866
2016-07-15,395920
2016-07-16,394061
2016-07-17,345092
2016-07-18,337792
2016-07-19,335548
2016-07-20,350291
2016-07-21,372082
2016-07-22,409032
2016-07-23,408105
2016-07-24,350650
2016-07-25,354137
2016-07-26,349107
2016-07-27,359202
2016-07-28,379488
2016-07-29,412774
2016-07-30,421253
2016-07-31,351421
2016-08-01,322890
2016-08-02,334189
2016-08-03,344567
2016-08-04,361898
2016-08-05,384614
2016-08-06,388183
2016-08-07,340252
2016-08-08,310650
2016-08-09,335639
2016-08-10,357539
2016-08-11,390414
2016-08-12,420499
2016-08-13,424573
2016-08-14,363470
2016-08-15,333794
2016-08-16,356607
2016-08-17,359751
2016-08-18,373439
2016-08-19,398713
2016-08-20,396518
2016-08-21,364764
2016-08-22,315878
2016-08-23,331270
2016-08-24,348051
2016-08-25,370656
2016-08-26,398428
2016-08-27,408750
2016-08-28,367119
2016-08-29,328424
2016-08-30,336408
2016-08-31,357016
2016-09-01,379925
2016-09-02,381891
2016-09-03,380189
2016-09-04,358513
2016-09-05,305535
2016-09-06,354525
2016-09-07,369306
2016-09-08,405664
2016-09-09,450511
2016-09-10,473792
2016-09-11,393353
2016-09-12,344503
2016-09-13,364830
2016-09-14,388409
2016-09-15,402228
2016-09-16,438647
2016-09-17,453696
2016-09-18,397592
2016-09-19,345287
2016-09-20,356470
2016-09-21,358383
2016-09-22,386533
2016-09-23,426034
2016-09-24,463222
2016-09-25,391856
2016-09-26,343328
2016-09-27,368396
2016-09-28,390668
2016-09-29,410605
2016-09-30,475767
2016-10-01,435637
2016-10-02,380963
2016-10-03,312427
2016-10-04,334111
2016-10-05,374423
2016-10-06,406149
2016-10-07,420664
2016-10-08,469571
2016-10-09,414303
2016-10-10,323243
2016-10-11,338479
2016-10-12,322970
2016-10-13,401902
2016-10-14,438232
2016-10-15,463304
2016-10-16,402182
2016-10-17,340514
2016-10-18,357888
2016-10-19,388121
2016-10-20,414374
2016-10-21,484966
2016-10-22,510178
2016-10-23,414525
2016-10-24,352281
2016-10-25,391101
2016-10-26,412328
2016-10-27,492103
2016-10-28,491722
2016-10-29,527349
2016-10-30,470112
2016-10-31,371863
2016-11-01,385845
2016-11-02,386669
2016-11-03,432607
2016-11-04,457119
2016-11-05,480590
2016-11-06,394446
2016-11-07,370008
2016-11-08,363908
2016-11-09,413540
2016-11-10,416518
2016-11-11,454306
2016-11-12,490098
2016-11-13,418598
2016-11-14,354638
2016-11-15,416332
2016-11-16,386754
2016-11-17,413999
2016-11-18,441687
2016-11-19,485054
2016-11-20,451674
2016-11-21,410381
2016-11-22,429197
2016-11-23,429716
2016-11-24,368228
2016-11-25,344275
2016-11-26,388358
2016-11-27,373077
2016-11-28,369912
2016-11-29,459686
2016-11-30,449773
2016-12-01,449289
2016-12-02,497319
2016-12-03,531597
2016-12-04,456649
2016-12-05,407651
2016-12-06,464345
2016-12-07,442580
2016-12-08,482727
2016-12-09,541614
2016-12-10,571086
2016-12-11,478077
2016-12-12,418169
2016-12-13,424774
2016-12-14,459429
2016-12-15,553893
2016-12-16,578543
2016-12-17,552767
2016-12-18,465109
2016-12-19,428365
2016-12-20,430467
2016-12-21,430705
2016-12-22,430923
2016-12-23,418178
2016-12-24,389693
2016-12-25,309268
2016-12-26,284857
2016-12-27,317394
2016-12-28,350209
2016-12-29,391535
2016-12-30,425689
2016-12-31,475859
2017-01-01,455221
2017-01-02,324949
2017-01-03,384925
2017-01-04,371031
2017-01-05,410811
2017-01-06,463107
2017-01-07,461323
2017-01-08,438255
2017-01-09,429535
2017-01-10,410052
2017-01-11,417312
2017-01-12,424978
2017-01-13,476561
2017-01-14,522585
2017-01-15,453061
2017-01-16,366413
2017-01-17,455977
2017-01-18,421150
2017-01-19,435390
2017-01-20,489938
2017-01-21,471734
2017-01-22,432507
2017-01-23,464650
2017-01-24,476814
2017-01-25,431798
2017-01-26,457967
2017-01-27,504197
2017-01-28,535832
2017-01-29,448628
2017-01-30,397692
2017-01-31,423145
2018-01-18,1
2017-02-01,420401
2017-02-02,455977
2017-02-03,528190
2017-02-04,554757
2017-02-05,502199
2017-02-06,417318
2017-02-07,450524
2017-02-08,451905
2017-02-09,346974
2017-02-10,566432
2017-02-11,579782
2017-02-12,522867
2017-02-13,450253
2017-02-14,504382
2017-02-15,476793
2017-02-16,473291
2017-02-17,519842
2017-02-18,514009
2017-02-19,464024
2017-02-20,385479
2017-02-21,403200
2017-02-22,421290
2017-02-23,456412
2017-02-24,501682
2017-02-25,567666
2017-02-26,487778
2017-02-27,432890
2017-02-28,428643
2017-03-01,464864
2017-03-02,512146
2017-03-03,570644
2017-03-04,641681
2017-03-05,527258
2017-03-06,447062
2017-03-07,463508
2017-03-08,465026
2017-03-09,499269
2017-03-10,585629
2017-03-11,632786
2017-03-12,533818
2017-03-13,503940
2017-03-14,222276
2017-03-15,507221
2017-03-16,526580
2017-03-17,537471
2017-03-18,605158
2017-03-19,482482
2017-03-20,426770
2017-03-21,428195
2017-03-22,497167
2017-03-23,502387
2017-03-24,528855
2017-03-25,565217
2017-03-26,495810
2017-03-27,435915
2017-03-28,491890
2017-03-29,457108
2017-03-30,496322
2017-03-31,648643
2017-04-01,521968
2017-04-02,364712
2017-04-03,438019
2017-04-04,473117
2017-04-05,476122
2017-04-06,557578
2017-04-07,563706
2017-04-08,578147
2017-04-09,498406
2017-04-10,414072
2017-04-11,423693
2017-04-12,441182
2017-04-13,471541
2017-04-14,488822
2017-04-15,513061
2017-04-16,468052
2017-04-17,398341
2017-04-18,428275
2017-04-19,481392
2017-04-20,510979
2017-04-21,568589
2017-04-22,578359
2017-04-23,496437
2017-04-24,444229
2017-04-25,546159
2017-04-26,488079
2017-04-27,506575
2017-04-28,543456
2017-04-29,587668
2017-04-30,494207
2017-05-01,428245
2017-05-02,449931
2017-05-03,468410
2017-05-04,498899
2017-05-05,617676
2017-05-06,593792
2017-05-07,501028
2017-05-08,437885
2017-05-09,457790
2017-05-10,473591
2017-05-11,496793
2017-05-12,531477
2017-05-13,681253
2017-05-14,488685
2017-05-15,444047
2017-05-16,466177
2017-05-17,500825
2017-05-18,532125
2017-05-19,556231
2017-05-20,576601
2017-05-21,487727
2017-05-22,498216
2017-05-23,458737
2017-05-24,476407
2017-05-25,559362
2017-05-26,493555
2017-05-27,485402
2017-05-28,450482
2017-05-29,388471
2017-05-30,439511
2017-05-31,458062
2017-06-01,465464
2017-06-02,515682
2017-06-03,555821
2017-06-04,494350
2017-06-05,455780
2017-06-06,496031
2017-06-07,497770
2017-06-08,532064
2017-06-09,552629
2017-06-10,594974
2017-06-11,518361
2017-06-12,470872
2017-06-13,498675
2017-06-14,506456
2017-06-15,521122
2017-06-16,553410
2017-06-17,590789
2017-06-18,498898
2017-06-19,503307
2017-06-20,477133
2017-06-21,504340
2017-06-22,504862
2017-06-23,575157
2017-06-24,592747
2017-06-25,480470
2017-06-26,432804
2017-06-27,479635
2017-06-28,480619
2017-06-29,490007
2017-06-30,524892
2017-07-01,519801
2017-07-02,452071
2017-07-03,405165
2017-07-04,399834
2017-07-05,430748
2017-07-06,444845
2017-07-07,541295
2017-07-08,539254
2017-07-09,487821
2017-07-10,446631
2017-07-11,470792
2017-07-12,505734
2017-07-13,544254
2017-07-14,581140
2017-07-15,582210
2017-07-16,524977
2017-07-17,465520
2017-07-18,490344
2017-07-19,523856
2017-07-20,557824
2017-07-21,579489
2017-07-22,601250
2017-07-23,515018
2017-07-24,484683
2017-07-25,461122
2017-07-26,487486
2017-07-27,523352
2017-07-28,557143
2017-07-29,575260
2017-07-30,517872
2017-07-31,455883
2017-08-01,473044
2017-08-02,513472
2017-08-03,526657
2017-08-04,568029
2017-08-05,565580
2017-08-06,503326
2017-08-07,508106
2017-08-08,462378
2017-08-09,487311
2017-08-10,514774
2017-08-11,547456
2017-08-12,564641
2017-08-13,502594
2017-08-14,446076
2017-08-15,486233
2017-08-16,489165
2017-08-17,512087
2017-08-18,586089
2017-08-19,581680
2017-08-20,521199
2017-08-21,454865
2017-08-22,490284
2017-08-23,499081
2017-08-24,507756
2017-08-25,541635
2017-08-26,583847
2017-08-27,528477
2017-08-28,442549
2017-08-29,512014
2017-08-30,477229
2017-08-31,508630
2017-09-01,549600
2017-09-02,593375
2017-09-03,512869
2017-09-04,453338
2017-09-05,486637
2017-09-06,563917
2017-09-07,550008
2017-09-08,611731
2017-09-09,656494
2017-09-10,582208
2017-09-11,497642
2017-09-12,517808
2017-09-13,547843
2017-09-14,579097
2017-09-15,611871
2017-09-16,652242
2017-09-17,581299
2017-09-18,474563
2017-09-19,506677
2017-09-20,491292
2017-09-21,486825
2017-09-22,564867
2017-09-23,651549
2017-09-24,571608
2017-09-25,490653
2017-09-26,498344
2017-09-27,537156
2017-09-28,558412
2017-09-29,599454
2017-09-30,642107
2017-10-01,556957
2017-10-02,473440
2017-10-03,490823
2017-10-04,516521
2017-10-05,551737
2017-10-06,608641
2017-10-07,669170
2017-10-08,596112
2017-10-09,493385
2017-10-10,511226
2017-10-11,531103
2017-10-12,558082
2017-10-13,614253
2017-10-14,679496
2017-10-15,585430
2017-10-16,518972
2017-10-17,522925
2017-10-18,539396
2017-10-19,566781
2017-10-20,623421
2017-10-21,667254
2017-10-22,580496
2017-10-23,501466
2017-10-24,553488
2017-10-25,547968
2017-10-26,608571
2017-10-27,662897
2017-10-28,739721
2017-10-29,750803
2017-10-30,537074
2017-10-31,535448
2017-11-01,561386
2017-11-02,576362
2017-11-03,654378
2017-11-04,704135
2017-11-05,585976
2017-11-06,528474
2017-11-07,631949
2017-11-08,573180
2017-11-09,606248
2017-11-10,727141
2017-11-11,734560
2017-11-12,627690
2017-11-13,565119
2017-11-14,564524
2017-11-15,590098
2017-11-16,642890
2017-11-17,694397
2017-11-18,759654
2017-11-19,646576
2017-11-20,556367
2017-11-21,560580
2017-11-22,618560
2017-11-23,539802
2017-11-24,492715
2017-11-25,545183
2017-11-26,535962
2017-11-27,524617
2017-11-28,537706
2017-11-29,556841
2017-11-30,610736
2017-12-01,683155
2017-12-02,738778
2017-12-03,636225
2017-12-04,555273
2017-12-05,627202
2017-12-06,621232
2017-12-07,659935
2017-12-08,730143
2017-12-09,827216
2017-12-10,654317
2017-12-11,591210
2017-12-12,609967
2017-12-13,692277
2017-12-14,717172
2017-12-15,784803
2017-12-16,801280
2017-12-17,678728
2017-12-18,577777
2017-12-19,590798
2017-12-20,629432
2017-12-21,646482
2017-12-22,649729
2017-12-23,617416
2017-12-24,546140
2017-12-25,449734
2017-12-26,472526
2017-12-27,537563
2017-12-28,612416
2017-12-29,666028
2017-12-30,642141
2017-12-31,742122
2018-01-01,702084
2018-01-02,547447
2018-01-03,583735
2018-01-04,354626
2018-01-05,699966
2018-01-06,793837
2018-01-07,676884
2018-01-08,595725
2018-01-09,583549
2018-01-10,591396
2018-01-11,613159
2018-01-12,717235
2018-01-13,761601
2018-01-14,719824
2018-01-15,565707
2018-01-16,593094
2018-01-17,628140
2018-01-18,658275
2018-01-19,708366
2018-01-20,717757
2018-01-21,617580
2018-01-22,552383
2018-01-23,586526
2018-01-24,614350
2018-01-25,672438
2018-01-26,738783
2018-01-27,749203
2018-01-28,649278
2018-01-29,565522
2018-01-30,608737
2018-01-31,640887
2018-02-01,650280
2018-02-02,787792
2018-02-03,810861
2018-02-04,751930
2018-02-05,615466
2018-02-06,613406
2018-02-07,717987
2018-02-08,693736
2018-02-09,759073
2018-02-10,837532
2018-02-11,709953
2018-02-12,600770
2018-02-13,640654
2018-02-14,692307
2018-02-15,678990
2018-02-16,733686
2018-02-17,806196
2018-02-18,674101
2018-02-19,569744
2018-02-20,565895
2018-02-21,606395
2018-02-22,705730
2018-02-23,756859
2018-02-24,803358
2018-02-25,708745
2018-02-26,597773
2018-02-27,616924
2018-02-28,644550
2018-03-01,719790
2018-03-02,875970
2018-03-03,792995
2018-03-04,716458
2018-03-05,633494
2018-03-06,655786
2018-03-07,632161
2018-03-08,721037
2018-03-09,775761
2018-03-10,823813
2018-03-11,688124
2018-03-12,637009
2018-03-13,669578
2018-03-14,701929
2018-03-15,738361
2018-03-16,784057
2018-03-17,829205
2018-03-18,701137
2018-03-19,618630
2018-03-20,678099
2018-03-21,508493
2018-03-22,715164
2018-03-23,753424
2018-03-24,788653
2018-03-25,704608
2018-03-26,620765
2018-03-27,643938
2018-03-28,668401
2018-03-29,710020
2018-03-30,729991
2018-03-31,748419
2018-04-01,626045
2018-04-02,567090
2018-04-03,618984
2018-04-04,615097
2018-04-05,659949
2018-04-06,706298
2018-04-07,756772
2018-04-08,707020
2018-04-09,633842
2018-04-10,646546
2018-04-11,667162
2018-04-12,696848
2018-04-13,760030
2018-04-14,852722
2018-04-15,765487
2018-04-16,690286
2018-04-17,662121
2018-04-18,669815
2018-04-19,749705
2018-04-20,791255
2018-04-21,822766
2018-04-22,706914
2018-04-23,615219
2018-04-24,639770
2018-04-25,716420
2018-04-26,703809
2018-04-27,787988
2018-04-28,829057
2018-04-29,727009
2018-04-30,657595
2018-05-01,629361
2018-05-02,669225
2018-05-03,736987
2018-05-04,756102
2018-05-05,829692
2018-05-06,683594
2018-05-07,610160
2018-05-08,630572
2018-05-09,660145
2018-05-10,725445
2018-05-11,747008
2018-05-12,834946
2018-05-13,733434
2018-05-14,619228
2018-05-15,689620
2018-05-16,740988
2018-05-17,731100
2018-05-18,754287
2018-05-19,859406
2018-05-20,679621
2018-05-21,595172
2018-05-22,667709
2018-05-23,661368
2018-05-24,695451
2018-05-25,718897
2018-05-26,727514
2018-05-27,652033
2018-05-28,538075
2018-05-29,612505
2018-05-30,649146
2018-05-31,726961
2018-06-01,778825
2018-06-02,832582
2018-06-03,724210
2018-06-04,615400
2018-06-05,593145
2018-06-06,640963
2018-06-07,679664
2018-06-08,719343
2018-06-09,772349
2018-06-10,679498
2018-06-11,619024
2018-06-12,632265
2018-06-13,691830
2018-06-14,723966
2018-06-15,722120
2018-06-16,774118
2018-06-17,683914
2018-06-18,658459
2018-06-19,674097
2018-06-20,695010
2018-06-21,734188
2018-06-22,768807
2018-06-23,785171
2018-06-24,694615
2018-06-25,634461
2018-06-26,638596
2018-06-27,664752
2018-06-28,740224
2018-06-29,747346
2018-06-30,819009
2018-07-01,718102
2018-07-02,635723
2018-07-03,671197
2018-07-04,598335
2018-07-05,625995
2018-07-06,659217
2018-07-07,701663
2018-07-08,645915
2018-07-09,616380
2018-07-10,648997
2018-07-11,671828
2018-07-12,693760
2018-07-13,753326
2018-07-14,813751
2018-07-15,719360
2018-07-16,656439
2018-07-17,719819
2018-07-18,679538
2018-07-19,693687
2018-07-20,758462
2018-07-21,861744
2018-07-22,721750
2018-07-23,647849
2018-07-24,658183
2018-07-25,722713
2018-07-26,715838
2018-07-27,811480
2018-07-28,803955
2018-07-29,715040
2018-07-30,623059
2018-07-31,636609
2018-08-01,695239
2018-08-02,719802
2018-08-03,769875
2018-08-04,813766
2018-08-05,726447
2018-08-06,648358
2018-08-07,687320
2018-08-08,702115
2018-08-09,718465
2018-08-10,764246
2018-08-11,807997
2018-08-12,697434
2018-08-13,669110
2018-08-14,661636
2018-08-15,685393
2018-08-16,717181
2018-08-17,784830
2018-08-18,824137
2018-08-19,700526
2018-08-20,611135
2018-08-21,613642
2018-08-22,657327
2018-08-23,680166
2018-08-24,743229
2018-08-25,797876
2018-08-26,714997
2018-08-27,639313
2018-08-28,679464
2018-08-29,710280
2018-08-30,715951
2018-08-31,763335
2018-09-01,1
2018-09-01,765157
2018-09-02,718230
2018-09-03,625963
2018-09-04,679500
2018-09-05,708349
2018-09-06,775655
2018-09-07,802185
2018-09-08,861665
2018-09-09,794728
2018-09-10,694645
2018-09-11,634476
2018-09-12,739789
2018-09-13,739798
2018-09-14,796939
2018-09-15,849761
2018-09-16,757445
2018-09-17,666300
2018-09-18,698356
2018-09-19,628016
2018-09-20,723723
2018-09-21,795987
2018-09-22,856122
2018-09-23,730451
2018-09-24,604335
2018-09-25,702105
2018-09-26,679144
2018-09-27,703894
2018-09-28,808498
2018-09-29,862032
2018-09-30,748488
2018-10-01,623629
2018-10-02,652572
2018-10-03,692432
2018-10-04,750860
2018-10-05,786640
2018-10-06,869891
2018-10-07,760153
2018-10-08,618433
2018-10-09,659264
2018-10-10,694126
2018-10-11,787518
2018-10-12,811559
2018-10-13,896146
2018-10-14,764557
2018-10-15,667199
2018-10-16,683502
2018-10-17,709519
2018-10-18,762260
2018-10-19,811594
2018-10-20,885941
2018-10-21,802646
2018-10-22,676163
2018-10-23,677324
2018-10-24,716242
2018-10-25,760264
2018-10-26,846425
2018-10-27,1040000
2018-10-28,827074
2018-10-29,662581
2018-10-30,673887
2018-10-31,719366
2018-11-01,1
2018-11-01,773761
2018-11-02,831323
2018-11-03,903289
2018-11-04,731314
2018-11-05,723463
2018-11-06,740078
2018-11-07,698906
2018-11-08,744913
2018-11-09,873668
2018-11-10,937572
2018-11-11,801093
2018-11-12,653797
2018-11-13,731757
2018-11-14,753134
2018-11-15,689832
2018-11-16,848810
2018-11-17,925632
2018-11-18,796247
2018-11-19,666921
2018-11-20,707163
2018-11-21,752339
2018-11-22,725192
2018-11-23,670096
2018-11-24,767669
2018-11-25,678524
2018-11-26,731602
2018-11-27,702046
2018-11-28,726878
2018-11-29,763422
2018-11-30,861038
2018-12-01,948461
2018-12-02,831940
2018-12-03,679789
2018-12-04,718278
2018-12-05,754944
2018-12-06,796757
2018-12-07,884766
2018-12-08,971761
2018-12-09,811199
2018-12-10,706485
2018-12-11,737409
2018-12-12,769984
2018-12-13,824424
2018-12-14,906965
2018-12-15,963423
2018-12-16,932947
2018-12-17,699623
2018-12-18,752624
2018-12-19,760593
2018-12-20,820337
2018-12-21,860466
2018-12-22,794854
2018-12-23,678863
2018-12-24,642451
2018-12-25,535930
2018-12-26,542307
2018-12-27,595661
2018-12-28,722670
2018-12-29,717192
2018-12-30,684886
2018-12-31,856093
2019-01-01,751169
2019-01-02,567647
2019-01-03,593179
2019-01-04,675667
2019-01-05,786581
2019-01-06,680251
2019-01-07,639547
2019-01-08,623734
2019-01-09,654643
2019-01-10,726861
2019-01-11,852498
2019-01-12,890392
2019-01-13,767235
2019-01-14,689665
2019-01-15,699283
2019-01-16,709698
2019-01-17,756030
2019-01-18,814796
2019-01-19,846839
2019-01-20,788537
2019-01-21,750205
2019-01-22,736778
2019-01-23,705204
2019-01-24,822993
2019-01-25,858588
2019-01-26,927408
2019-01-27,766034
2019-01-28,666924
2019-01-29,726468
2019-01-30,793220
2019-01-31,890990
2019-02-01,70987
2019-02-02,56721
2019-02-03,49469
2019-02-04,62302
2019-02-05,60871
2019-02-06,65714
2019-02-07,65486
2019-02-08,67327
2019-02-09,56515
2019-02-10,49438
2019-02-11,64597
2019-02-12,58749
2019-02-13,66214
2019-02-14,67333
2019-02-15,65763
2019-02-16,54061
2019-02-17,48537
2019-02-18,47887
2019-02-19,62329
2019-02-20,61153
2019-02-21,63576
2019-02-22,65081
2019-02-23,54740
2019-02-24,49676
2019-02-25,66540
2019-02-26,67311
2019-02-27,70387
2019-02-28,68886
2019-03-01,50914
2019-03-02,38971
2019-03-03,37071
2019-03-04,29716
2019-03-05,46633
2019-03-06,49232
2019-03-07,44825
2019-03-08,45883
2019-03-09,41477
2019-03-10,38776
2019-03-11,58974
2019-03-12,54963
2019-03-13,55008
2019-03-14,60402
2019-03-15,54629
2019-03-16,48493
2019-03-17,41352
2019-03-18,50795
2019-03-19,50419
2019-03-20,50674
2019-03-21,53765
2019-03-22,54189
2019-03-23,45959
2019-03-24,38957
2019-03-25,48831
2019-03-26,50869
2019-03-27,50462
2019-03-28,51077
2019-03-29,50908
2019-03-30,43428
2019-03-31,37917
2019-04-01,67284
2019-04-02,67677
2019-04-03,69930
2019-04-04,72193
2019-04-05,72968
2019-04-06,58114
2019-04-07,53021
2019-04-08,69017
2019-04-09,68961
2019-04-10,70756
2019-04-11,71987
2019-04-12,70645
2019-04-13,58376
2019-04-14,52448
2019-04-15,70339
2019-04-16,68786
2019-04-17,70096
2019-04-18,70204
2019-04-19,64116
2019-04-20,56079
2019-04-21,50334
2019-04-22,63795
2019-04-23,62900
2019-04-24,65088
2019-04-25,65867
2019-04-26,66238
2019-04-27,57127
2019-04-28,51115
2019-04-29,66795
2019-04-30,65594
2019-05-01,72451
2019-05-02,73620
2019-05-03,72685
2019-05-04,59692
2019-05-05,56035
2019-05-06,70413
2019-05-07,70716
2019-05-08,72819
2019-05-09,73313
2019-05-10,73531
2019-05-11,59836
2019-05-12,58489
2019-05-13,74542
2019-05-14,72854
2019-05-15,72895
2019-05-16,73310
2019-05-17,72251
2019-05-18,59797
2019-05-19,52486
2019-05-20,70350
2019-05-21,69578
2019-05-22,71531
2019-05-23,72099
2019-05-24,69225
2019-05-25,56354
2019-05-26,49902
2019-05-27,44977
2019-05-28,67614
2019-05-29,69856
2019-05-30,72289
2019-05-31,67535
2019-05-31,16
2019-06-01,61770
2019-06-02,53552
2019-06-03,71817
2019-06-04,70520
2019-06-05,73748
2019-06-06,74254
2019-06-07,72762
2019-06-08,60059
2019-06-09,50394
2019-06-10,68851
2019-06-11,71449
2019-06-12,73646
2019-06-13,76440
2019-06-14,73887
2019-06-15,60129
2019-06-16,52121
2019-06-17,71918
2019-06-18,75146
2019-06-19,73933
2019-06-20,75827
2019-06-21,74261
2019-06-22,58290
2019-06-23,51838
2019-06-24,70575
2019-06-25,72453
2019-06-26,73063
2019-06-27,71776
2019-06-28,69130
2019-06-29,57407
2019-06-30,48856
2019-06-30,28
2019-07-01,66092
2019-07-02,65233
2019-07-03,65730
2019-07-04,44478
2019-07-05,59975
2019-07-06,51092
2019-07-07,47033
2019-07-08,66290
2019-07-09,67196
2019-07-10,68830
2019-07-11,70680
2019-07-12,69080
2019-07-13,56994
2019-07-14,49368
2019-07-15,67088
2019-07-16,67304
2019-07-17,70964
2019-07-18,69670
2019-07-19,69190
2019-07-20,57024
2019-07-21,49463
2019-07-22,68990
2019-07-23,68018
2019-07-24,69551
2019-07-25,69456
2019-07-26,68660
2019-07-27,56015
2019-07-28,48754
2019-07-29,67041
2019-07-30,66936
2019-07-31,65520
2019-07-31,73
2019-08-01,68715
2019-08-02,66758
2019-08-03,54430
2019-08-04,47581
2019-08-05,64788
2019-08-06,64397
2019-08-07,67040
2019-08-08,67860
2019-08-09,65784
2019-08-10,54651
2019-08-11,47411
2019-08-12,64637
2019-08-13,63161
2019-08-14,66007
2019-08-15,65935
2019-08-16,65292
2019-08-17,53514
2019-08-18,46193
2019-08-19,63020
2019-08-20,62867
2019-08-21,64559
2019-08-22,65340
2019-08-23,64894
2019-08-24,52966
2019-08-25,45294
2019-08-26,60978
2019-08-27,61196
2019-08-28,63978
2019-08-29,63575
2019-08-30,65003
2019-08-31,52511
2019-09-01,28085
2019-09-02,25964
2019-09-03,45620
2019-09-04,48089
2019-09-05,48619
2019-09-06,46299
2019-09-07,34110
2019-09-08,29967
2019-09-09,46767
2019-09-10,47139
2019-09-11,47807
2019-09-12,49582
2019-09-13,47235
2019-09-14,33958
2019-09-15,30018
2019-09-16,47384
2019-09-17,46906
2019-09-18,48709
2019-09-19,48725
2019-09-20,47126
2019-09-21,34040
2019-09-22,29882
2019-09-23,46036
2019-09-24,46003
2019-09-25,47558
2019-09-26,48556
2019-09-27,46812
2019-09-28,34341
2019-09-29,28802
2019-09-30,38381
2019-10-01,59895
2019-10-02,68765
2019-10-03,71660
2019-10-04,68230
2019-10-05,52405
2019-10-06,45672
2019-10-07,66156
2019-10-08,64062
2019-10-09,60488
2019-10-10,68573
2019-10-11,67721
2019-10-12,51441
2019-10-13,45900
2019-10-14,52674
2019-10-15,62629
2019-10-16,68167
2019-10-17,67679
2019-10-18,68475
2019-10-19,52530
2019-10-20,48304
2019-10-21,61401
2019-10-22,62961
2019-10-23,66444
2019-10-24,67674
2019-10-25,67653
2019-10-26,52576
2019-10-27,47709
2019-10-28,64084
2019-10-29,65412
2019-10-30,66526
2019-10-31,63990
2019-11-01,69958
2019-11-02,53553
2019-11-03,45675
2019-11-04,67662
2019-11-05,64201
2019-11-06,69009
2019-11-07,70593
2019-11-08,70994
2019-11-09,52615
2019-11-10,45988
2019-11-11,60596
2019-11-12,70894
2019-11-13,73758
2019-11-14,73388
2019-11-15,71900
2019-11-16,54882
2019-11-17,48054
2019-11-18,71638
2019-11-19,69852
2019-11-20,72295
2019-11-21,72555
2019-11-22,72290
2019-11-23,53096
2019-11-24,46909
2019-11-25,67501
2019-11-26,68271
2019-11-27,66953
2019-11-28,48929
2019-11-29,55889
2019-11-30,49589
2019-12-01,48508
2019-12-02,70966
2019-12-03,75478
2019-12-04,77763
2019-12-05,78381
2019-12-06,76640
2019-12-07,58748
2019-12-08,51031
2019-12-09,76088
2019-12-10,75392
2019-12-11,76747
2019-12-12,78517
2019-12-13,77601
2019-12-14,58845
2019-12-15,51471
2019-12-16,74288
2019-12-17,76695
2019-12-18,77669
2019-12-19,80853
2019-12-20,76814
2019-12-21,58635
2019-12-22,51423
2019-12-23,67061
2019-12-24,63033
2019-12-25,45190
2019-12-26,57889
2019-12-27,61464
2019-12-28,50155
2019-12-29,46721
2019-12-30,63159
2019-12-31,60971
2020-01-01,42229
2020-01-02,62555
2020-01-03,65857
2020-01-04,50636
2020-01-05,47158
2020-01-06,69811
2020-01-07,70008
2020-01-08,72412
2020-01-09,74125
2020-01-10,72697
2020-01-11,54604
2020-01-12,47504
2020-01-13,72247
2020-01-14,72613
2020-01-15,74009
2020-01-16,76556
2020-01-17,77997
2020-01-18,52683
2020-01-19,46797
2020-01-20,54413
2020-01-21,75446
2020-01-22,74539
2020-01-23,74775
2020-01-24,72951
2020-01-25,55189
2020-01-26,48616
2020-01-27,73091
2020-01-28,73199
2020-01-29,74510
2020-01-30,74985
2020-01-31,74375
2020-02-01,52208
2020-02-02,47551
2020-02-03,71410
2020-02-04,71104
2020-02-05,73088
2020-02-06,74191
2020-02-07,75092
2020-02-08,54486
2020-02-09,46588
2020-02-10,73797
2020-02-11,72757
2020-02-12,74506
2020-02-13,75343
2020-02-14,78108
2020-02-15,56383
2020-02-16,46391
2020-02-17,49901
2020-02-18,69006
2020-02-19,72101
2020-02-20,72715
2020-02-21,72650
2020-02-22,53830
2020-02-23,48356
2020-02-24,72011
2020-02-25,74236
2020-02-26,77265
2020-02-27,77258
2020-02-28,75020
2020-02-29,56143
2020-03-01,51394
2020-03-02,74045
2020-03-03,77956
2020-03-04,79203
2020-03-05,79606
2020-03-06,76630
2020-03-07,57323
2020-03-08,48505
2020-03-09,72620
2020-03-10,70456
2020-03-11,71323
2020-03-12,70083
2020-03-13,67924
2020-03-14,47006
2020-03-15,36678
2020-03-16,52453
2020-03-17,45230
2020-03-18,42014
2020-03-19,39430
2020-03-20,38444
2020-03-21,26798
2020-03-22,17184
2020-03-23,28537
2020-03-24,24784
2020-03-25,24401
2020-03-26,24175
2020-03-27,25034
2020-03-28,18203
2020-03-29,12327
2020-03-30,21788
2020-03-31,20310
2020-04-01,21349
2020-04-02,20038
2020-04-03,21878
2020-04-04,15169
2020-04-05,10426
2020-04-06,19838
2020-04-07,19082
2020-04-08,18964
2020-04-09,17619
2020-04-10,18566
2020-04-11,14855
2020-04-12,10086
2020-04-13,19235
2020-04-14,18812
2020-04-15,19229
2020-04-16,19506
2020-04-17,21873
2020-04-18,15622
2020-04-19,11394
2020-04-20,21198
2020-04-21,20268
2020-04-22,21682
2020-04-23,21696
2020-04-24,23793
2020-04-25,17880
2020-04-26,12779
2020-04-27,22952
2020-04-28,22844
2020-04-29,23822
2020-04-30,23971
2020-05-01,26460
2020-05-02,20543
2020-05-03,15718
2020-05-04,25891
2020-05-05,24577
2020-05-06,24988
2020-05-07,25064
2020-05-08,27191
2020-05-09,20446
2020-05-10,18150
2020-05-11,26066
2020-05-12,25093
2020-05-13,26612
2020-05-14,26178
2020-05-15,29042
2020-05-16,22358
2020-05-17,17381
2020-05-18,27609
2020-05-19,26689
2020-05-20,28258
2020-05-21,27679
2020-05-22,29869
2020-05-23,22452
2020-05-24,19748
2020-05-25,22388
2020-05-26,29987
2020-05-27,30415
2020-05-28,29717
2020-05-29,31127
2020-05-30,25845
2020-05-31,21429
2020-06-01,33070
2020-06-02,28750
2020-06-03,30428
2020-06-04,30711
2020-06-05,31654
2020-06-06,23735
2020-06-07,20699
2020-06-08,34721
2020-06-09,35048
2020-06-10,36770
2020-06-11,35015
2020-06-12,38003
2020-06-13,29822
2020-06-14,23494
2020-06-15,36051
2020-06-16,35278
2020-06-17,36553
2020-06-18,36637
2020-06-19,38650
2020-06-20,31180
2020-06-21,25721
2020-06-22,40409
2020-06-23,39242
2020-06-24,40027
2020-06-25,39546
2020-06-26,41545
2020-06-27,32283
2020-06-28,26036
2020-06-29,41031
2020-06-30,39758
2020-07-01,39132
2020-07-02,40091
2020-07-03,33837
2020-07-04,25861
2020-07-05,22128
2020-07-06,38477
2020-07-07,38187
2020-07-08,39911
2020-07-09,40127
2020-07-10,40628
2020-07-11,29214
2020-07-12,23992
2020-07-13,40049
2020-07-14,39253
2020-07-15,40217
2020-07-16,39139
2020-07-17,39876
2020-07-18,30977
2020-07-19,23575
2020-07-20,40384
2020-07-21,39233
2020-07-22,41255
2020-07-23,40413
2020-07-24,40839
2020-07-25,31744
2020-07-26,23801
2020-07-27,41645
2020-07-28,40731
2020-07-29,41795
2020-07-30,39951
2020-07-31,41027
2020-08-01,34271
2020-08-02,26615
2020-08-03,42851
2020-08-04,36842
2020-08-05,41464
2020-08-06,41521
2020-08-07,41717
2020-08-08,32843
2020-08-09,26756
2020-08-10,42534
2020-08-11,41602
2020-08-12,42297
2020-08-13,41219
2020-08-14,42680
2020-08-15,33728
2020-08-16,25521
2020-08-17,41064
2020-08-18,41802
2020-08-19,42667
2020-08-20,42490
2020-08-21,43878
2020-08-22,34772
2020-08-23,27087
2020-08-24,42422
2020-08-25,41465
2020-08-26,42743
2020-08-27,42973
2020-08-28,43577
2020-08-29,31868
2020-08-30,27963
2020-08-31,42804
2020-09-01,45404
2020-09-02,46371
2020-09-03,47787
2020-09-04,47247
2020-09-05,35304
2020-09-06,29189
2020-09-07,29468
2020-09-08,47140
2020-09-09,47229
2020-09-10,48172
2020-09-11,47668
2020-09-12,35512
2020-09-13,27816
2020-09-14,46738
2020-09-15,46605
2020-09-16,47588
2020-09-17,47047
2020-09-18,48177
2020-09-19,36322
2020-09-20,27827
2020-09-21,46621
2020-09-22,46053
2020-09-23,47819
2020-09-24,47542
2020-09-25,48177
2020-09-26,36142
2020-09-27,28817
2020-09-28,41630
2020-09-29,46949
2020-09-30,46675
2020-10-01,45001
2020-10-02,46143
2020-10-03,35416
2020-10-04,26782
2020-10-05,44230
2020-10-06,43741
2020-10-07,44566
2020-10-08,44161
2020-10-09,45008
2020-10-10,34681
2020-10-11,26541
2020-10-12,40234
2020-10-13,42683
2020-10-14,43482
2020-10-15,44013
2020-10-16,45388
2020-10-17,33555
2020-10-18,27309
2020-10-19,44297
2020-10-20,43383
2020-10-21,44348
2020-10-22,43857
2020-10-23,44606
2020-10-24,33592
2020-10-25,27749
2020-10-26,43550
2020-10-27,43017
2020-10-28,44410
2020-10-29,46214
2020-10-30,47547
2020-10-31,35230
2020-11-01,30727
2020-11-02,46001
2020-11-03,42470
2020-11-04,44370
2020-11-05,45254
2020-11-06,45542
2020-11-07,35161
2020-11-08,28640
2020-11-09,45000
2020-11-10,45245
2020-11-11,43441
2020-11-12,45976
2020-11-13,46240
2020-11-14,34549
2020-11-15,28189
2020-11-16,45697
2020-11-17,45860
2020-11-18,46654
2020-11-19,46088
2020-11-20,46553
2020-11-21,34424
2020-11-22,28622
2020-11-23,45256
2020-11-24,45874
2020-11-25,45653
2020-11-26,32372
2020-11-27,36952
2020-11-28,30411
2020-11-29,26264
2020-11-30,42871
2020-12-01,41956
2020-12-02,42519
2020-12-03,43150
2020-12-04,43208
2020-12-05,32917
2020-12-06,28755
2020-12-07,43274
2020-12-08,43221
2020-12-09,43498
2020-12-10,42662
2020-12-11,43094
2020-12-12,32608
2020-12-13,27448
2020-12-14,43177
2020-12-15,43565
2020-12-16,38262
2020-12-17,20038
2020-12-18,42162
2020-12-19,32986
2020-12-20,27600
2020-12-21,42084
2020-12-22,41071
2020-12-23,42342
2020-12-24,40624
2020-12-25,28196
2020-12-26,30209
2020-12-27,26327
2020-12-28,37672
2020-12-29,38465
2020-12-30,39948
2020-12-31,41567
2021-01-01,25043
2021-01-02,27485
2021-01-03,24765
2021-01-04,40431
2021-01-05,40653
2021-01-06,42264
2021-01-07,41433
2021-01-08,42476
2021-01-09,32055
2021-01-10,25935
2021-01-11,41992
2021-01-12,41561
2021-01-13,43078
2021-01-14,42609
2021-01-15,43516
2021-01-16,31699
2021-01-17,26688
2021-01-18,32941
2021-01-19,42636
2021-01-20,42496
2021-01-21,43085
2021-01-22,43480
2021-01-23,31950
2021-01-24,26622
2021-01-25,43093
2021-01-26,40926
2021-01-27,43467
2021-01-28,43915
2021-01-29,45554
2021-01-30,32299
2021-01-31,27965
2021-02-01,10860
2021-02-02,24851
2021-02-03,40666
2021-02-04,42322
2021-02-05,42595
2021-02-06,33712
2021-02-07,23260
2021-02-08,43452
2021-02-09,42637
2021-02-10,44315
2021-02-11,43392
2021-02-12,45025
2021-02-13,34285
2021-02-14,29266
2021-02-15,34814
2021-02-16,41635
2021-02-17,45768
2021-02-18,32062
2021-02-19,40454
2021-02-20,33380
2021-02-21,28229
2021-02-22,42655
2021-02-23,43894
2021-02-24,44573
2021-02-25,44330
2021-02-26,44333
2021-02-27,33108
2021-02-28,27819
2021-03-01,43386
2021-03-02,44040
2021-03-03,44790
2021-03-04,44792
2021-03-05,46112
2021-03-06,34489
2021-03-07,28384
2021-03-08,44423
2021-03-09,44733
2021-03-10,45397
2021-03-11,44907
2021-03-12,45551
2021-03-13,35677
2021-03-14,29429
2021-03-15,46475
2021-03-16,45950
2021-03-17,47485
2021-03-18,47180
2021-03-19,47007
2021-03-20,35635
2021-03-21,29760
2021-03-22,46339
2021-03-23,45885
2021-03-24,47164
2021-03-25,46145
2021-03-26,46330
2021-03-27,35940
2021-03-28,28329
2021-03-29,42760
2021-03-30,43783
2021-03-31,44388
2021-04-01,45995
2021-04-02,44090
2021-04-03,36158
2021-04-04,29106
2021-04-05,45224
2021-04-06,46156
2021-04-07,48065
2021-04-08,46796
2021-04-09,46314
2021-04-10,35222
2021-04-11,29088
2021-04-12,46629
2021-04-13,45505
2021-04-14,46884
2021-04-15,47100
2021-04-16,45778
2021-04-17,35085
2021-04-18,28987
2021-04-19,45511
2021-04-20,44935
2021-04-21,46665
2021-04-22,46268
2021-04-23,45351
2021-04-24,34053
2021-04-25,28035
2021-04-26,45510
2021-04-27,44885
2021-04-28,46515
2021-04-29,45645
2021-04-30,45463
2021-05-01,35759
2021-05-02,29212
2021-05-03,45125
2021-05-04,45200
2021-05-05,47421
2021-05-06,45772
2021-05-07,45699
2021-05-08,36094
2021-05-09,29573
2021-05-10,45780
2021-05-11,46273
2021-05-12,46785
2021-05-13,45068
2021-05-14,45496
2021-05-15,35297
2021-05-16,29257
2021-05-17,42293
2021-05-18,42630
2021-05-19,47019
2021-05-20,45689
2021-05-21,45828
2021-05-22,35100
2021-05-23,29376
2021-05-24,45132
2021-05-25,45528
2021-05-26,45996
2021-05-27,45880
2021-05-28,45074
2021-05-29,34555
2021-05-30,29798
2021-05-31,29951
2021-06-01,47953
2021-06-02,48040
2021-06-03,48718
2021-06-04,46808
2021-06-05,37140
2021-06-06,31549
2021-06-07,47934
2021-06-08,46402
2021-06-09,48614
2021-06-10,48433
2021-06-11,47895
2021-06-12,36795
2021-06-13,30748
2021-06-14,47936
2021-06-15,48225
2021-06-16,49097
2021-06-17,48215
2021-06-18,45632
2021-06-19,37356
2021-06-20,29182
2021-06-21,46799
2021-06-22,46603
2021-06-23,47307
2021-06-24,46862
2021-06-25,45721
2021-06-26,35983
2021-06-27,29719
2021-06-28,46390
2021-06-29,46831
2021-06-30,46459
2021-07-01,45710
2021-07-02,43512
2021-07-03,33055
2021-07-04,26021
2021-07-05,29457
2021-07-06,44890
2021-07-07,45532
2021-07-08,43522
2021-07-09,44116
2021-07-10,33717
2021-07-11,27920
2021-07-12,44173
2021-07-13,44018
2021-07-14,46624
2021-07-15,46587
2021-07-16,44862
2021-07-17,34168
2021-07-18,28089
2021-07-19,44536
2021-07-20,43494
2021-07-21,44953
2021-07-22,44264
2021-07-23,42738
2021-07-24,32362
2021-07-25,27061
2021-07-26,44528
2021-07-27,45149
2021-07-28,45798
2021-07-29,44416
2021-07-30,43238
2021-07-31,31504
2021-08-01,26198
2021-08-02,41849
2021-08-03,42674
2021-08-04,43150
2021-08-05,42731
2021-08-06,41570
2021-08-07,31329
2021-08-08,26454
2021-08-09,42313
2021-08-10,43973
2021-08-11,44578
2021-08-12,43796
2021-08-13,42441
2021-08-14,32062
2021-08-15,26702
2021-08-16,41505
2021-08-17,41556
2021-08-18,43866
2021-08-19,43589
2021-08-20,43377
2021-08-21,32353
2021-08-22,23647
2021-08-23,42602
2021-08-24,43347
2021-08-25,44841
2021-08-26,44575
2021-08-27,42389
2021-08-28,31344
2021-08-29,26660
2021-08-30,42783
2021-08-31,42764
2021-09-01,43391
2021-09-02,37155
2021-09-03,42723
2021-09-04,31905
2021-09-05,28005
2021-09-06,28829
2021-09-07,40532
2021-09-08,42596
2021-09-09,46109
2021-09-10,44967
2021-09-11,33311
2021-09-12,29155
2021-09-13,43537
2021-09-14,43436
2021-09-15,44972
2021-09-16,39955
2021-09-17,44683
2021-09-18,33627
2021-09-19,29688
2021-09-20,43873
2021-09-21,41050
2021-09-22,42350
2021-09-23,45018
2021-09-24,44837
2021-09-25,33400
2021-09-26,29166
2021-09-27,42725
2021-09-28,40832
2021-09-29,42226
2021-09-30,45359
2021-10-01,43866
2021-10-02,33529
2021-10-03,29079
2021-10-04,44726
2021-10-05,44761
2021-10-06,46081
2021-10-07,45839
2021-10-08,45271
2021-10-09,33978
2021-10-10,29522
2021-10-11,40688
2021-10-12,44836
2021-10-13,46118
2021-10-14,46063
2021-10-15,46188
2021-10-16,34429
2021-10-17,29705
2021-10-18,46085
2021-10-19,45697
2021-10-20,46710
2021-10-21,47046
2021-10-22,45997
2021-10-23,34678
2021-10-24,29618
2021-10-25,45934
2021-10-26,44201
2021-10-27,47675
2021-10-28,47473
2021-10-29,46994
2021-10-30,34383
2021-10-31,30223
2021-11-01,44505
2021-11-02,43658
2021-11-03,47054
2021-11-04,46603
2021-11-05,45332
2021-11-06,33998
2021-11-07,28418
2021-11-08,45089
2021-11-09,45493
2021-11-10,47255
2021-11-11,43206
2021-11-12,45629
2021-11-13,33758
2021-11-14,30634
2021-11-15,46203
2021-11-16,46083
2021-11-17,47586
2021-11-18,47465
2021-11-19,46507
2021-11-20,33858
2021-11-21,30594
2021-11-22,45501
2021-11-23,46395
2021-11-24,44364
2021-11-25,29515
2021-11-26,35625
2021-11-27,30390
2021-11-28,27754
2021-11-29,45005
2021-11-30,45485
2021-12-01,50905
2021-12-02,50489
2021-12-03,50037
2021-12-04,36866
2021-12-05,32432
2021-12-06,50183
2021-12-07,50621
2021-12-08,52236
2021-12-09,52514
2021-12-10,51014
2021-12-11,36908
2021-12-12,31995
2021-12-13,50117
2021-12-14,50809
2021-12-15,51229
2021-12-16,51614
2021-12-17,50305
2021-12-18,36473
2021-12-19,32309
2021-12-20,49147
2021-12-21,48173
2021-12-22,48396
2021-12-23,46612
2021-12-24,35789
2021-12-25,25353
2021-12-26,26863
2021-12-27,39377
2021-12-28,38962
2021-12-29,39415
2021-12-30,39647
2021-12-31,33183
2022-01-01,20933
2022-01-02,24303
2022-01-03,39785
2022-01-04,39547
2022-01-05,40290
2022-01-06,40491
2022-01-07,31576
2022-01-08,28751
2022-01-09,24848
2022-01-10,42690
2022-01-11,42737
2022-01-12,44034
2022-01-13,43731
2022-01-14,44147
2022-01-15,31530
2022-01-16,27414
2022-01-17,30783
2022-01-18,44781
2022-01-19,45962
2022-01-20,44296
2022-01-21,45659
2022-01-22,31808
2022-01-23,27385
2022-01-24,44117
2022-01-25,44789
2022-01-26,46592
2022-01-27,46568
2022-01-28,45099
2022-01-29,10400
2022-01-30,24346
2022-01-31,44299
2022-02-01,47604
2022-02-02,49158
2022-02-03,49457
2022-02-04,46799
2022-02-05,36079
2022-02-06,30911
2022-02-07,49399
2022-02-08,49744
2022-02-09,50582
2022-02-10,50559
2022-02-11,49772
2022-02-12,36038
2022-02-13,30891
2022-02-14,51913
2022-02-15,51310
2022-02-16,51728
2022-02-17,51446
2022-02-18,49944
2022-02-19,35803
2022-02-20,31320
2022-02-21,36256
2022-02-22,47023
2022-02-23,50682
2022-02-24,50189
2022-02-25,46956
2022-02-26,37052
2022-02-27,32893
2022-02-28,49996
2022-03-01,48620
2022-03-02,48917
2022-03-03,49711
2022-03-04,48992
2022-03-05,34744
2022-03-06,30584
2022-03-07,47834
2022-03-08,48842
2022-03-09,49788
2022-03-10,49687
2022-03-11,48841
2022-03-12,33772
2022-03-13,31016
2022-03-14,48153
2022-03-15,48276
2022-03-16,49424
2022-03-17,47190
2022-03-18,48001
2022-03-19,34702
2022-03-20,30987
2022-03-21,46378
2022-03-22,46995
2022-03-23,48765
2022-03-24,48482
2022-03-25,47554
2022-03-26,33957
2022-03-27,30678
2022-03-28,49506
2022-03-29,50265
2022-03-30,50658
2022-03-31,49497
2022-04-01,47484
2022-04-02,34333
2022-04-03,28833
2022-04-04,46980
2022-04-05,47670
2022-04-06,48543
2022-04-07,48334
2022-04-08,47466
2022-04-09,33762
2022-04-10,30094
2022-04-11,46180
2022-04-12,47738
2022-04-13,49073
2022-04-14,47644
2022-04-15,40995
2022-04-16,32124
2022-04-17,28884
2022-04-18,41480
2022-04-19,43062
2022-04-20,45587
2022-04-21,44102
2022-04-22,42623
2022-04-23,32777
2022-04-24,27995
2022-04-25,44368
2022-04-26,45277
2022-04-27,47576
2022-04-28,47165
2022-04-29,45667
2022-04-30,32853
2022-05-01,27808
2022-05-02,44822
2022-05-03,46970
2022-05-04,48130
2022-05-05,48781
2022-05-06,46865
2022-05-07,34372
2022-05-08,30808
2022-05-09,44241
2022-05-10,45322
2022-05-11,46367
2022-05-12,45832
2022-05-13,45205
2022-05-14,32368
2022-05-15,28902
2022-05-16,44653
2022-05-17,46021
2022-05-18,46661
2022-05-19,46343
2022-05-20,45113
2022-05-21,33289
2022-05-22,28571
2022-05-23,44540
2022-05-24,44710
2022-05-25,45715
2022-05-26,45027
2022-05-27,42781
2022-05-28,29792
2022-05-29,26882
2022-05-30,26255
2022-05-31,42682
2022-06-01,45573
2022-06-02,43168
2022-06-03,43839
2022-06-04,31154
2022-06-05,26436
2022-06-06,40983
2022-06-07,44005
2022-06-08,46582
2022-06-09,45699
2022-06-10,44567
2022-06-11,30645
2022-06-12,26382
2022-06-13,44194
2022-06-14,45168
2022-06-15,47100
2022-06-16,45477
2022-06-17,44569
2022-06-18,32106
2022-06-19,27091
2022-06-20,34160
2022-06-21,44140
2022-06-22,45195
2022-06-23,44546
2022-06-24,43960
2022-06-25,31949
2022-06-26,27436
2022-06-27,42092
2022-06-28,42513
2022-06-29,43090
2022-06-30,41595
2022-07-01,42710
2022-07-02,30414
2022-07-03,27454
2022-07-04,24905
2022-07-05,40879
2022-07-06,41574
2022-07-07,41323
2022-07-08,41050
2022-07-09,30569
2022-07-10,26276
2022-07-11,41205
2022-07-12,41022
2022-07-13,43836
2022-07-14,43806
2022-07-15,42607
2022-07-16,31335
2022-07-17,26027
2022-07-18,41213
2022-07-19,43499
2022-07-20,45036
2022-07-21,43573
2022-07-22,42804
2022-07-23,31399
2022-07-24,25721
2022-07-25,41345
2022-07-26,42012
2022-07-27,44062
2022-07-28,42451
2022-07-29,41652
2022-07-30,31374
2022-07-31,26446
2022-08-01,39038
2022-08-02,40942
2022-08-03,42569
2022-08-04,41848
2022-08-05,40608
2022-08-06,30181
2022-08-07,25278
2022-08-08,40110
2022-08-09,41102
2022-08-10,41692
2022-08-11,41778
2022-08-12,40981
2022-08-13,30317
2022-08-14,25543
2022-08-15,39023
2022-08-16,39733
2022-08-17,40606
2022-08-18,41205
2022-08-19,40331
2022-08-20,30639
2022-08-21,25102
2022-08-22,37949
2022-08-23,39467
2022-08-24,40562
2022-08-25,40765
2022-08-26,39597
2022-08-27,30224
2022-08-28,25279
2022-08-29,38656
2022-08-30,39675
2022-08-31,40355
2022-09-01,42404
2022-09-02,41424
2022-09-03,31551
2022-09-04,27289
2022-09-05,23958
2022-09-06,43607
2022-09-07,45167
2022-09-08,44643
2022-09-09,43408
2022-09-10,31403
2022-09-11,27095
2022-09-12,42550
2022-09-13,43637
2022-09-14,45203
2022-09-15,44766
2022-09-16,43057
2022-09-17,31266
2022-09-18,27282
2022-09-19,41952
2022-09-20,43105
2022-09-21,44030
2022-09-22,43837
2022-09-23,43402
2022-09-24,30578
2022-09-25,25942
2022-09-26,36264
2022-09-27,39150
2022-09-28,44427
2022-09-29,44369
2022-09-30,43727
2022-10-01,29133
2022-10-02,25367
2022-10-03,42088
2022-10-04,40226
2022-10-05,36633
2022-10-06,43435
2022-10-07,42379
2022-10-08,30793
2022-10-09,26675
2022-10-10,32605
2022-10-11,40542
2022-10-12,43484
2022-10-13,43013
2022-10-14,43166
2022-10-15,31018
2022-10-16,26873
2022-10-17,39290
2022-10-18,41767
2022-10-19,45628
2022-10-20,45527
2022-10-21,44244
2022-10-22,31807
2022-10-23,27686
2022-10-24,42264
2022-10-25,43718
2022-10-26,45512
2022-10-27,45687
2022-10-28,44271
2022-10-29,32345
2022-10-30,28066
2022-10-31,39746
2022-11-01,42018
2022-11-02,42943
2022-11-03,42858
2022-11-04,42325
2022-11-05,29266
2022-11-06,23975
2022-11-07,41584
2022-11-08,40335
2022-11-09,44454
2022-11-10,43497
2022-11-11,37524
2022-11-12,27555
2022-11-13,24979
2022-11-14,42066
2022-11-15,43961
2022-11-16,44897
2022-11-17,44709
2022-11-18,43776
2022-11-19,29332
2022-11-20,25988
2022-11-21,41489
2022-11-22,42350
2022-11-23,39788
2022-11-24,26234
2022-11-25,28172
2022-11-26,24479
2022-11-27,22250
2022-11-28,39614
2022-11-29,41509
2022-11-30,42157
2022-12-01,49825
2022-12-02,48264
2022-12-03,33914
2022-12-04,29160
2022-12-05,47339
2022-12-06,49205
2022-12-07,49062
2022-12-08,49876
2022-12-09,48087
2022-12-10,34181
2022-12-11,27856
2022-12-12,47259
2022-12-13,49926
2022-12-14,50754
2022-12-15,49097
2022-12-16,46634
2022-12-17,35039
2022-12-18,30254
2022-12-19,46050
2022-12-20,47430
2022-12-21,48500
2022-12-22,46120
2022-12-23,41720
2022-12-24,32163
2022-12-25,26956
2022-12-26,26990
2022-12-27,40509
2022-12-28,41253
2022-12-29,40951
2022-12-30,40738
2022-12-31,30331
2023-01-01,21332
2023-01-02,22627
2023-01-03,38771
2023-01-04,40771
2023-01-05,40866
2023-01-06,40636
2023-01-07,27985
2023-01-08,24036
2023-01-09,40101
2023-01-10,41291
2023-01-11,42237
2023-01-12,42050
2023-01-13,40729
2023-01-14,28722
2023-01-15,24506
2023-01-16,28106
2023-01-17,41539
2023-01-18,43023
2023-01-19,42862
2023-01-20,41693
2023-01-21,28135
2023-01-22,24225
2023-01-23,41013
2023-01-24,42356
2023-01-25,43226
2023-01-26,43135
2023-01-27,42318
2023-01-28,28562
2023-01-29,24311
2023-01-30,40483
2023-01-31,42673
2023-02-01,46561
2023-02-02,45907
2023-02-03,46686
2023-02-04,29618
2023-02-05,25259
2023-02-06,44211
2023-02-07,46413
2023-02-08,47291
2023-02-09,45934
2023-02-10,45541
2023-02-11,31499
2023-02-12,27600
2023-02-13,41289
2023-02-14,44655
2023-02-15,45110
2023-02-16,43071
2023-02-17,43363
2023-02-18,29598
2023-02-19,25698
2023-02-20,31162
2023-02-21,43075
2023-02-22,45663
2023-02-23,45205
2023-02-24,44343
2023-02-25,31416
2023-02-26,27760
2023-02-27,44291
2023-02-28,42578
2023-03-01,48177
2023-03-02,48165
2023-03-03,46764
2023-03-04,32171
2023-03-05,29210
2023-03-06,44871
2023-03-07,46744
2023-03-08,47694
2023-03-09,48115
2023-03-10,47055
2023-03-11,32392
2023-03-12,28940
2023-03-13,45482
2023-03-14,46222
2023-03-15,49178
2023-03-16,48786
2023-03-17,46419
2023-03-18,33459
2023-03-19,29680
2023-03-20,45334
2023-03-21,46902
2023-03-22,47914
2023-03-23,47082
2023-03-24,46005
2023-03-25,32654
2023-03-26,29378
2023-03-27,45071
2023-03-28,46771
2023-03-29,47597
2023-03-30,46890
2023-03-31,47120
2023-04-01,35126
2023-04-02,31612
2023-04-03,47144
2023-04-04,49257
2023-04-05,48525
2023-04-06,43522
2023-04-07,41425
2023-04-08,33123
2023-04-09,30832
2023-04-10,43103
2023-04-11,45941
2023-04-12,45831
2023-04-13,44990
2023-04-14,46772
2023-04-15,33928
2023-04-16,29755
2023-04-17,46704
2023-04-18,49186
2023-04-19,50744
2023-04-20,46939
2023-04-21,43210
2023-04-22,29824
2023-04-23,27037
2023-04-24,43680
2023-04-25,45984
2023-04-26,49731
2023-04-27,49486
2023-04-28,48140
2023-04-29,34540
2023-04-30,30388
2023-05-01,48409
2023-05-02,50572
2023-05-03,51802
2023-05-04,50924
2023-05-05,49705
2023-05-06,36439
2023-05-07,30720
2023-05-08,48749
2023-05-09,49574
2023-05-10,51862
2023-05-11,51449
2023-05-12,49569
2023-05-13,36551
2023-05-14,32583
2023-05-15,47325
2023-05-16,49667
2023-05-17,50902
2023-05-18,48943
2023-05-19,47777
2023-05-20,35324
2023-05-21,30872
2023-05-22,47992
2023-05-23,49722
2023-05-24,51769
2023-05-25,49469
2023-05-26,46523
2023-05-27,34345
2023-05-28,30768
2023-05-29,28928
2023-05-30,47159
2023-05-31,49433
2023-06-01,46193
2023-06-02,45779
2023-06-03,33851
2023-06-04,29484
2023-06-05,44359
2023-06-06,44740
2023-06-07,46053
2023-06-08,42651
2023-06-09,43179
2023-06-10,32404
2023-06-11,28789
2023-06-12,44497
2023-06-13,45058
2023-06-14,46270
2023-06-15,46706
2023-06-16,44699
2023-06-17,32234
2023-06-18,28012
2023-06-19,34141
2023-06-20,43789
2023-06-21,45574
2023-06-22,45204
2023-06-23,43790
2023-06-24,31501
2023-06-25,27209
2023-06-26,44221
2023-06-27,45433
2023-06-28,44898
2023-06-29,44853
2023-06-30,43874
2023-07-01,39703
2023-07-02,34031
2023-07-03,43424
2023-07-04,28188
2023-07-05,49137
2023-07-06,47866
2023-07-07,48296
2023-07-08,37621
2023-07-09,31330
2023-07-10,46709
2023-07-11,48824
2023-07-12,50597
2023-07-13,49965
2023-07-14,49093
2023-07-15,38011
2023-07-16,31607
2023-07-17,49780
2023-07-18,49671
2023-07-19,51535
2023-07-20,51176
2023-07-21,50411
2023-07-22,39259
2023-07-23,33513
2023-07-24,48981
2023-07-25,49871
2023-07-26,51496
2023-07-27,49935
2023-07-28,49995
2023-07-29,39476
2023-07-30,33801
2023-07-31,47541
2023-08-01,50941
2023-08-02,51631
2023-08-03,51984
2023-08-04,50448
2023-08-05,39136
2023-08-06,33884
2023-08-07,49290
2023-08-08,50495
2023-08-09,52541
2023-08-10,52837
2023-08-11,51820
2023-08-12,39687
2023-08-13,33753
2023-08-14,46977
2023-08-15,48102
2023-08-16,50042
2023-08-17,48216
2023-08-18,49181
2023-08-19,37606
2023-08-20,32133
2023-08-21,48342
2023-08-22,49610
2023-08-23,51054
2023-08-24,50340
2023-08-25,48699
2023-08-26,39487
2023-08-27,34329
2023-08-28,47948
2023-08-29,48705
2023-08-30,51445
2023-08-31,49689
2023-09-01,45950
2023-09-02,36482
2023-09-03,32475
2023-09-04,28612
2023-09-05,47048
2023-09-06,49380
2023-09-07,49467
2023-09-08,48505
2023-09-09,36260
2023-09-10,33201
2023-09-11,47445
2023-09-12,46932
2023-09-13,49499
2023-09-14,50023
2023-09-15,48399
2023-09-16,35995
2023-09-17,30264
2023-09-18,45549
2023-09-19,46412
2023-09-20,49262
2023-09-21,48738
2023-09-22,48767
2023-09-23,36553
2023-09-24,31702
2023-09-25,40740
2023-09-26,47958
2023-09-27,50504
2023-09-28,50738
2023-09-29,44148
2023-09-30,36295
